position,aminoAcid,rsa
1,M,0.8355
2,P,0.8926
3,I,0.7231
4,G,0.8382
5,S,0.6919
6,K,0.9520
7,E,0.9132
8,R,0.7548
9,P,0.5980
10,T,0.6347
11,F,0.2043
12,F,0.2800
13,E,0.8236
14,I,0.4376
15,F,0.1482
16,K,0.9050
17,T,0.7463
18,R,0.9320
19,C,0.1729
20,N,0.7575
21,K,0.9665
22,A,0.6932
23,D,0.9015
24,L,0.3814
25,G,0.5191
26,P,0.5298
27,I,0.2436
28,S,0.6389
29,L,0.5378
30,N,0.6527
31,W,0.3499
32,F,0.1560
33,E,0.7913
34,E,0.6115
35,L,0.1647
36,S,0.5242
37,S,0.7016
38,E,0.8829
39,A,0.3009
40,P,0.6724
41,P,0.8022
42,Y,0.6763
43,N,0.8972
44,S,0.8569
45,E,0.8772
46,P,0.8530
47,A,0.6742
48,E,0.9180
49,E,0.8615
50,S,0.7970
51,E,0.8713
52,H,0.7508
53,K,0.8592
54,N,0.8062
55,N,0.8574
56,N,0.8310
57,Y,0.7766
58,E,0.8244
59,P,0.8744
60,N,0.8863
61,L,0.7930
62,F,0.3560
63,K,0.9034
64,T,0.4819
65,P,0.5968
66,Q,0.8665
67,R,0.9073
68,K,0.8498
69,P,0.7213
70,S,0.6455
71,Y,0.5967
72,N,0.8185
73,Q,0.7491
74,L,0.3230
75,A,0.5480
76,S,0.5591
77,T,0.3443
78,P,0.5326
79,I,0.7013
80,I,0.2638
81,F,0.1034
82,K,0.8989
83,E,0.7716
84,Q,0.8429
85,G,0.7540
86,L,0.8208
87,T,0.8054
88,L,0.3195
89,P,0.6004
90,L,0.4526
91,Y,0.5360
92,Q,0.5666
93,S,0.1723
94,P,0.4285
95,V,0.4642
96,K,0.8946
97,E,0.8293
98,L,0.4578
99,D,0.8079
100,K,0.8854
101,F,0.5731
102,K,0.8733
103,L,0.4351
104,D,0.8918
105,L,0.7960
106,G,0.7881
107,R,0.9525
108,N,0.9225
109,V,0.5962
110,P,0.8373
111,N,0.9046
112,S,0.7995
113,R,0.8998
114,H,0.6958
115,K,0.9340
116,S,0.6450
117,L,0.6486
118,R,0.8395
119,T,0.8360
120,V,0.6756
121,K,0.8924
122,T,0.6890
123,K,0.9151
124,M,0.7450
125,D,0.8346
126,Q,0.8688
127,A,0.5104
128,D,0.8106
129,D,0.7990
130,V,0.1785
131,S,0.4285
132,C,0.1709
133,P,0.5946
134,L,0.5131
135,L,0.4926
136,N,0.7406
137,S,0.5987
138,C,0.3691
139,L,0.4066
140,S,0.5682
141,E,0.7017
142,S,0.2277
143,P,0.3192
144,V,0.5001
145,V,0.4333
146,L,0.1590
147,Q,0.7119
148,C,0.3731
149,T,0.3888
150,H,0.6392
151,V,0.7254
152,T,0.4391
153,P,0.5429
154,Q,0.6830
155,R,0.8232
156,D,0.9074
157,K,0.8992
158,S,0.6407
159,V,0.5506
160,V,0.6676
161,C,0.3114
162,G,0.5294
163,S,0.4555
164,L,0.2215
165,F,0.1965
166,H,0.6268
167,T,0.3230
168,P,0.5070
169,K,0.8498
170,F,0.6410
171,V,0.6611
172,K,0.9351
173,G,0.7730
174,R,0.9541
175,Q,0.8804
176,T,0.4087
177,P,0.6970
178,K,0.8791
179,H,0.6679
180,I,0.1446
181,S,0.4237
182,E,0.7457
183,S,0.5708
184,L,0.5073
185,G,0.7737
186,A,0.4460
187,E,0.8685
188,V,0.3686
189,D,0.6157
190,P,0.6752
191,D,0.7923
192,M,0.4132
193,S,0.5248
194,W,0.5018
195,S,0.5779
196,S,0.4435
197,S,0.4893
198,L,0.5088
199,A,0.5515
200,T,0.6382
201,P,0.5142
202,P,0.6676
203,T,0.6361
204,L,0.2338
205,S,0.5280
206,S,0.4184
207,T,0.2030
208,V,0.0754
209,L,0.0488
210,I,0.0971
211,V,0.1416
212,R,0.6210
213,N,0.7508
214,E,0.8834
215,E,0.8900
216,A,0.3575
217,S,0.7569
218,E,0.8791
219,T,0.8375
220,V,0.5144
221,F,0.5386
222,P,0.8390
223,H,0.8985
224,D,0.8642
225,T,0.7878
226,T,0.7589
227,A,0.3076
228,N,0.5876
229,V,0.1194
230,K,0.8466
231,S,0.6568
232,Y,0.1849
233,F,0.0926
234,S,0.4848
235,N,0.7905
236,H,0.5346
237,D,0.8313
238,E,0.9033
239,S,0.4945
240,L,0.5041
241,K,0.9525
242,K,0.8536
243,N,0.5290
244,D,0.5954
245,R,0.7830
246,F,0.3816
247,I,0.2796
248,A,0.3926
249,S,0.3105
250,V,0.4793
251,T,0.6598
252,D,0.8845
253,S,0.8066
254,E,0.8192
255,N,0.6283
256,T,0.8425
257,N,0.7611
258,Q,0.8107
259,R,0.9263
260,E,0.8694
261,A,0.4928
262,A,0.7774
263,S,0.8180
264,H,0.8724
265,G,0.8084
266,F,0.5726
267,G,0.7846
268,K,0.8766
269,T,0.5888
270,S,0.7212
271,G,0.8579
272,N,0.8015
273,S,0.4681
274,F,0.4562
275,K,0.9456
276,V,0.3559
277,N,0.4170
278,S,0.4065
279,C,0.2714
280,K,0.9254
281,D,0.5784
282,H,0.5352
283,I,0.4758
284,G,0.9018
285,K,0.9571
286,S,0.5912
287,M,0.2592
288,P,0.6154
289,N,0.7751
290,V,0.3563
291,L,0.2317
292,E,0.8617
293,D,0.7143
294,E,0.8072
295,V,0.6191
296,Y,0.5653
297,E,0.8137
298,T,0.6577
299,V,0.4951
300,V,0.8426
301,D,0.7922
302,T,0.7415
303,S,0.6092
304,E,0.8286
305,E,0.7874
306,D,0.6967
307,S,0.4711
308,F,0.5366
309,S,0.4167
310,L,0.4007
311,C,0.3959
312,F,0.5575
313,S,0.6833
314,K,0.9486
315,C,0.6221
316,R,0.9034
317,T,0.7246
318,K,0.9564
319,N,0.8239
320,L,0.3396
321,Q,0.8263
322,K,0.9211
323,V,0.5607
324,R,0.8978
325,T,0.8161
326,S,0.9253
327,K,0.9612
328,T,0.7932
329,R,0.8314
330,K,0.9619
331,K,0.9481
332,I,0.6632
333,F,0.3199
334,H,0.8893
335,E,0.9475
336,A,0.6598
337,N,0.9204
338,A,0.7549
339,D,0.9528
340,E,0.9644
341,C,0.3055
342,E,0.9319
343,K,0.9668
344,S,0.7021
345,K,0.9591
346,N,0.9461
347,Q,0.9093
348,V,0.8276
349,K,0.9642
350,E,0.8888
351,K,0.9268
352,Y,0.6884
353,S,0.3367
354,F,0.2958
355,V,0.4879
356,S,0.3937
357,E,0.8049
358,V,0.5858
359,E,0.8061
360,P,0.7810
361,N,0.8700
362,D,0.7213
363,T,0.5856
364,D,0.8228
365,P,0.6048
366,L,0.4160
367,D,0.8619
368,S,0.5600
369,N,0.7844
370,V,0.4606
371,A,0.7721
372,N,0.8126
373,Q,0.6571
374,K,0.8517
375,P,0.6051
376,F,0.7065
377,E,0.9494
378,S,0.8096
379,G,0.8463
380,S,0.7035
381,D,0.9132
382,K,0.9407
383,I,0.3390
384,S,0.2593
385,K,0.8454
386,E,0.7507
387,V,0.7060
388,V,0.2261
389,P,0.7878
390,S,0.3997
391,L,0.5393
392,A,0.5467
393,C,0.3894
394,E,0.7470
395,W,0.2406
396,S,0.2170
397,Q,0.5230
398,L,0.1139
399,T,0.6549
400,L,0.4211
401,S,0.6936
402,G,0.9221
403,L,0.3198
404,N,0.8785
405,G,0.7178
406,A,0.2660
407,Q,0.6373
408,M,0.2799
409,E,0.8549
410,K,0.8909
411,I,0.3502
412,P,0.7394
413,L,0.4825
414,L,0.5940
415,H,0.7624
416,I,0.4881
417,S,0.4817
418,S,0.4634
419,C,0.1797
420,D,0.7627
421,Q,0.7406
422,N,0.8795
423,I,0.8194
424,S,0.5319
425,E,0.7814
426,K,0.9408
427,D,0.9089
428,L,0.4409
429,L,0.6565
430,D,0.8825
431,T,0.7793
432,E,0.8029
433,N,0.8853
434,K,0.9059
435,R,0.8970
436,K,0.8791
437,K,0.9170
438,D,0.7986
439,F,0.6459
440,L,0.4556
441,T,0.5115
442,S,0.6569
443,E,0.8135
444,N,0.7285
445,S,0.3741
446,L,0.3818
447,P,0.6154
448,R,0.8711
449,I,0.4079
450,S,0.4343
451,S,0.7473
452,L,0.3437
453,P,0.8672
454,K,0.9586
455,S,0.7055
456,E,0.8007
457,K,0.8834
458,P,0.7100
459,L,0.5395
460,N,0.7427
461,E,0.8822
462,E,0.8619
463,T,0.8666
464,V,0.5676
465,V,0.5565
466,N,0.7542
467,K,0.9140
468,R,0.9433
469,D,0.8553
470,E,0.9027
471,E,0.9277
472,Q,0.8691
473,H,0.5710
474,L,0.7070
475,E,0.9106
476,S,0.5769
477,H,0.7720
478,T,0.9209
479,D,0.7274
480,C,0.3823
481,I,0.1782
482,L,0.6397
483,A,0.4709
484,V,0.2283
485,K,0.7420
486,Q,0.8587
487,A,0.2704
488,I,0.3050
489,S,0.7790
490,G,0.8684
491,T,0.6258
492,S,0.4509
493,P,0.7160
494,V,0.5287
495,A,0.4577
496,S,0.3980
497,S,0.7328
498,F,0.3932
499,Q,0.8484
500,G,0.8584
501,I,0.5582
502,K,0.8940
503,K,0.8403
504,S,0.5432
505,I,0.5916
506,F,0.1347
507,R,0.8945
508,I,0.2427
509,R,0.8966
510,E,0.7843
511,S,0.6111
512,P,0.7583
513,K,0.9361
514,E,0.8616
515,T,0.5974
516,F,0.3262
517,N,0.8177
518,A,0.4992
519,S,0.3381
520,F,0.1536
521,S,0.5273
522,G,0.8745
523,H,0.6631
524,M,0.2724
525,T,0.6734
526,D,0.7877
527,P,0.8079
528,N,0.8611
529,F,0.5364
530,K,0.9177
531,K,0.9681
532,E,0.9052
533,T,0.8034
534,E,0.9121
535,A,0.6749
536,S,0.6468
537,E,0.9498
538,S,0.9108
539,G,0.8983
540,L,0.2276
541,E,0.7711
542,I,0.4936
543,H,0.5088
544,T,0.4303
545,V,0.1870
546,C,0.1682
547,S,0.2294
548,Q,0.4868
549,K,0.8011
550,E,0.7636
551,D,0.8703
552,S,0.5458
553,L,0.4675
554,C,0.1258
555,P,0.7407
556,N,0.7216
557,L,0.5070
558,I,0.5932
559,D,0.6508
560,N,0.8051
561,G,0.8046
562,S,0.3943
563,W,0.4061
564,P,0.5175
565,A,0.4005
566,T,0.6671
567,T,0.5271
568,T,0.8012
569,Q,0.7228
570,N,0.5582
571,S,0.4533
572,V,0.4210
573,A,0.6460
574,L,0.1288
575,K,0.8082
576,N,0.6309
577,A,0.5443
578,G,0.6222
579,L,0.1452
580,I,0.1422
581,S,0.3580
582,T,0.6081
583,L,0.1429
584,K,0.8275
585,K,0.9024
586,K,0.8653
587,T,0.7321
588,N,0.7616
589,K,0.7736
590,F,0.0958
591,I,0.1252
592,Y,0.3093
593,A,0.3411
594,I,0.1462
595,H,0.5809
596,D,0.8048
597,E,0.9087
598,T,0.6570
599,S,0.6068
600,Y,0.6048
601,K,0.8849
602,G,0.8512
603,K,0.9731
604,K,0.9601
605,I,0.2710
606,P,0.7044
607,K,0.9460
608,D,0.8391
609,Q,0.8394
610,K,0.9656
611,S,0.6749
612,E,0.8774
613,L,0.5481
614,I,0.6620
615,N,0.6792
616,C,0.3861
617,S,0.5175
618,A,0.4147
619,Q,0.6720
620,F,0.2492
621,E,0.7124
622,A,0.3473
623,N,0.7906
624,A,0.5662
625,F,0.3893
626,E,0.9264
627,A,0.4831
628,P,0.6234
629,L,0.7197
630,T,0.5231
631,F,0.1274
632,A,0.4336
633,N,0.7248
634,A,0.5032
635,D,0.8337
636,S,0.7685
637,G,0.7470
638,L,0.2774
639,L,0.3560
640,H,0.8394
641,S,0.5267
642,S,0.3139
643,V,0.3713
644,K,0.9047
645,R,0.8360
646,S,0.7659
647,C,0.3881
648,S,0.4473
649,Q,0.7797
650,N,0.8235
651,D,0.8203
652,S,0.6877
653,E,0.8735
654,E,0.7977
655,P,0.9153
656,T,0.7596
657,L,0.3229
658,S,0.5227
659,L,0.4154
660,T,0.5525
661,S,0.4750
662,S,0.2843
663,F,0.4504
664,G,0.5872
665,T,0.3528
666,I,0.4022
667,L,0.1509
668,R,0.7942
669,K,0.7855
670,C,0.3497
671,S,0.5753
672,R,0.8461
673,N,0.8143
674,E,0.8951
675,T,0.7107
676,C,0.4639
677,S,0.5934
678,N,0.7285
679,N,0.5406
680,T,0.8752
681,V,0.4975
682,I,0.4156
683,S,0.3685
684,Q,0.4176
685,D,0.6200
686,L,0.3083
687,D,0.9184
688,Y,0.6771
689,K,0.9287
690,E,0.8515
691,A,0.5866
692,K,0.9687
693,C,0.6811
694,N,0.7992
695,K,0.9570
696,E,0.9050
697,K,0.9437
698,L,0.5006
699,Q,0.8039
700,L,0.3921
701,F,0.4454
702,I,0.2237
703,T,0.1975
704,P,0.7386
705,E,0.7782
706,A,0.3672
707,D,0.7547
708,S,0.6488
709,L,0.6232
710,S,0.5123
711,C,0.5560
712,L,0.3872
713,Q,0.7068
714,E,0.9113
715,G,0.9010
716,Q,0.8974
717,C,0.6246
718,E,0.9507
719,N,0.9307
720,D,0.8479
721,P,0.8817
722,K,0.9667
723,S,0.7747
724,K,0.9444
725,K,0.9555
726,V,0.2888
727,S,0.5189
728,D,0.7611
729,I,0.4016
730,K,0.7763
731,E,0.8196
732,E,0.9117
733,V,0.2246
734,L,0.1278
735,A,0.4990
736,A,0.2995
737,A,0.3870
738,C,0.3153
739,H,0.5360
740,P,0.5015
741,V,0.4197
742,Q,0.8792
743,H,0.7542
744,S,0.4515
745,K,0.7861
746,V,0.3171
747,E,0.8180
748,Y,0.5237
749,S,0.6790
750,D,0.8867
751,T,0.3082
752,D,0.7243
753,F,0.2377
754,Q,0.9038
755,S,0.4360
756,Q,0.8039
757,K,0.9319
758,S,0.8025
759,L,0.5461
760,L,0.2927
761,Y,0.7766
762,D,0.7021
763,H,0.6678
764,E,0.8468
765,N,0.4472
766,A,0.3704
767,S,0.3213
768,T,0.5485
769,L,0.4048
770,I,0.5801
771,L,0.1967
772,T,0.2396
773,P,0.5735
774,T,0.6537
775,S,0.4793
776,K,0.8630
777,D,0.6944
778,V,0.5596
779,L,0.4724
780,S,0.5926
781,N,0.6232
782,L,0.4495
783,V,0.3077
784,M,0.3226
785,I,0.1654
786,S,0.3862
787,R,0.9173
788,G,0.8802
789,K,0.9054
790,E,0.8859
791,S,0.7063
792,Y,0.6654
793,K,0.9228
794,M,0.5913
795,S,0.8097
796,D,0.9223
797,K,0.9459
798,L,0.6394
799,K,0.9777
800,G,0.7779
801,N,0.9313
802,N,0.7640
803,Y,0.7807
804,E,0.9417
805,S,0.8247
806,D,0.8610
807,V,0.4420
808,E,0.8902
809,L,0.4016
810,T,0.4937
811,K,0.9215
812,N,0.6582
813,I,0.3464
814,P,0.8395
815,M,0.5253
816,E,0.8932
817,K,0.9054
818,N,0.4385
819,Q,0.7543
820,D,0.8200
821,V,0.5343
822,C,0.5289
823,A,0.2115
824,L,0.2515
825,N,0.7123
826,E,0.8051
827,N,0.7167
828,Y,0.5443
829,K,0.9676
830,N,0.9563
831,V,0.5048
832,E,0.9245
833,L,0.7336
834,L,0.3459
835,P,0.5707
836,P,0.8331
837,E,0.8608
838,K,0.8753
839,Y,0.4237
840,M,0.7538
841,R,0.9434
842,V,0.7334
843,A,0.4764
844,S,0.3732
845,P,0.5703
846,S,0.3960
847,R,0.5999
848,K,0.9155
849,V,0.4220
850,Q,0.6912
851,F,0.2552
852,N,0.6402
853,Q,0.8029
854,N,0.5481
855,T,0.8463
856,N,0.8338
857,L,0.3142
858,R,0.6776
859,V,0.3084
860,I,0.5510
861,Q,0.7387
862,K,0.8503
863,N,0.6520
864,Q,0.4782
865,E,0.8623
866,E,0.9237
867,T,0.6698
868,T,0.7854
869,S,0.3903
870,I,0.2036
871,S,0.4196
872,K,0.8755
873,I,0.3886
874,T,0.4939
875,V,0.3050
876,N,0.7311
877,P,0.7960
878,D,0.8002
879,S,0.5866
880,E,0.8697
881,E,0.8411
882,L,0.5331
883,F,0.5746
884,S,0.8795
885,D,0.9245
886,N,0.8233
887,E,0.8995
888,N,0.8408
889,N,0.7138
890,F,0.1842
891,V,0.2056
892,F,0.1276
893,Q,0.6229
894,V,0.3076
895,A,0.1849
896,N,0.9128
897,E,0.9180
898,R,0.8736
899,N,0.5084
900,N,0.7892
901,L,0.8275
902,A,0.2872
903,L,0.4825
904,G,0.8311
905,N,0.7219
906,T,0.5523
907,K,0.9182
908,E,0.8157
909,L,0.2996
910,H,0.6295
911,E,0.8689
912,T,0.5695
913,D,0.6399
914,L,0.0897
915,T,0.5060
916,C,0.1635
917,V,0.1236
918,N,0.8281
919,E,0.5477
920,P,0.5691
921,I,0.2328
922,F,0.5336
923,K,0.8872
924,N,0.4615
925,S,0.2385
926,T,0.5298
927,M,0.6299
928,V,0.2575
929,L,0.4757
930,Y,0.6907
931,G,0.7568
932,D,0.7382
933,T,0.6462
934,G,0.7519
935,D,0.8422
936,K,0.9101
937,Q,0.5390
938,A,0.1959
939,T,0.3944
940,Q,0.7885
941,V,0.5712
942,S,0.4063
943,I,0.1943
944,K,0.6470
945,K,0.8998
946,D,0.7811
947,L,0.2958
948,V,0.1993
949,Y,0.7487
950,V,0.7672
951,L,0.1724
952,A,0.5022
953,E,0.9579
954,E,0.9648
955,N,0.8309
956,K,0.9190
957,N,0.7974
958,S,0.8580
959,V,0.7880
960,K,0.9439
961,Q,0.6093
962,H,0.5817
963,I,0.6884
964,K,0.8708
965,M,0.4582
966,T,0.5526
967,L,0.6447
968,G,0.6657
969,Q,0.8595
970,D,0.8230
971,L,0.5236
972,K,0.8536
973,S,0.4885
974,D,0.7961
975,I,0.5963
976,S,0.6033
977,L,0.2186
978,N,0.7579
979,I,0.4668
980,D,0.8382
981,K,0.8781
982,I,0.6004
983,P,0.6777
984,E,0.9311
985,K,0.9495
986,N,0.5000
987,N,0.8504
988,D,0.7577
989,Y,0.6148
990,M,0.6019
991,N,0.8124
992,K,0.8024
993,W,0.3487
994,A,0.1831
995,G,0.6746
996,L,0.5649
997,L,0.5015
998,G,0.5539
999,P,0.5690
1000,I,0.4697
1001,S,0.3158
1002,N,0.5319
1003,H,0.6851
1004,S,0.6208
1005,F,0.4085
1006,G,0.8207
1007,G,0.7760
1008,S,0.7153
1009,F,0.2344
1010,R,0.8684
1011,T,0.5829
1012,A,0.2678
1013,S,0.6948
1014,N,0.7554
1015,K,0.9325
1016,E,0.9475
1017,I,0.1247
1018,K,0.8849
1019,L,0.1909
1020,S,0.3643
1021,E,0.8906
1022,H,0.7023
1023,N,0.7428
1024,I,0.1933
1025,K,0.9385
1026,K,0.8677
1027,S,0.5023
1028,K,0.8467
1029,M,0.3777
1030,F,0.1844
1031,F,0.0807
1032,K,0.8898
1033,D,0.4525
1034,I,0.1773
1035,E,0.7788
1036,E,0.9338
1037,Q,0.8458
1038,Y,0.3985
1039,P,0.7514
1040,T,0.8872
1041,S,0.5446
1042,L,0.2323
1043,A,0.2972
1044,C,0.2467
1045,V,0.3277
1046,E,0.7482
1047,I,0.4355
1048,V,0.3512
1049,N,0.3854
1050,T,0.5754
1051,L,0.3391
1052,A,0.7886
1053,L,0.6815
1054,D,0.9376
1055,N,0.7199
1056,Q,0.6405
1057,K,0.9521
1058,K,0.9242
1059,L,0.8371
1060,S,0.8769
1061,K,0.9600
1062,P,0.8679
1063,Q,0.8695
1064,S,0.7811
1065,I,0.7499
1066,N,0.8649
1067,T,0.5738
1068,V,0.4246
1069,S,0.5361
1070,A,0.8266
1071,H,0.6919
1072,L,0.3083
1073,Q,0.6417
1074,S,0.6460
1075,S,0.7916
1076,V,0.3850
1077,V,0.3600
1078,V,0.1876
1079,S,0.5465
1080,D,0.8095
1081,C,0.6566
1082,K,0.9289
1083,N,0.7509
1084,S,0.7530
1085,H,0.7971
1086,I,0.7107
1087,T,0.4608
1088,P,0.5877
1089,Q,0.8785
1090,M,0.7917
1091,L,0.5686
1092,F,0.4406
1093,S,0.4202
1094,K,0.7750
1095,Q,0.8918
1096,D,0.8207
1097,F,0.5955
1098,N,0.8869
1099,S,0.7520
1100,N,0.6097
1101,H,0.8519
1102,N,0.7775
1103,L,0.1963
1104,T,0.4041
1105,P,0.7747
1106,S,0.2940
1107,Q,0.4758
1108,K,0.9144
1109,A,0.2189
1110,E,0.8355
1111,I,0.1032
1112,T,0.4583
1113,E,0.6961
1114,L,0.1916
1115,S,0.3419
1116,T,0.5987
1117,I,0.1153
1118,L,0.1562
1119,E,0.7298
1120,E,0.7596
1121,S,0.6657
1122,G,0.8294
1123,S,0.5949
1124,Q,0.6179
1125,F,0.1811
1126,E,0.7627
1127,F,0.1337
1128,T,0.3478
1129,Q,0.5503
1130,F,0.1953
1131,R,0.8416
1132,K,0.8303
1133,P,0.8033
1134,S,0.5514
1135,Y,0.7688
1136,I,0.6297
1137,L,0.4152
1138,Q,0.7006
1139,K,0.9275
1140,S,0.6892
1141,T,0.7066
1142,F,0.4337
1143,E,0.7058
1144,V,0.4073
1145,P,0.7391
1146,E,0.9589
1147,N,0.6340
1148,Q,0.6847
1149,M,0.3450
1150,T,0.7767
1151,I,0.4532
1152,L,0.3703
1153,K,0.8475
1154,T,0.7092
1155,T,0.5568
1156,S,0.3858
1157,E,0.8141
1158,E,0.9316
1159,C,0.3803
1160,R,0.8710
1161,D,0.6963
1162,A,0.3072
1163,D,0.8061
1164,L,0.2556
1165,H,0.7357
1166,V,0.7566
1167,I,0.2416
1168,M,0.3899
1169,N,0.8007
1170,A,0.3778
1171,P,0.8574
1172,S,0.4083
1173,I,0.5755
1174,G,0.6906
1175,Q,0.7149
1176,V,0.5799
1177,D,0.8957
1178,S,0.8624
1179,S,0.7484
1180,K,0.9358
1181,Q,0.8684
1182,F,0.6297
1183,E,0.8621
1184,G,0.7841
1185,T,0.6131
1186,V,0.7464
1187,E,0.9397
1188,I,0.9115
1189,K,0.8798
1190,R,0.9041
1191,K,0.9406
1192,F,0.5737
1193,A,0.5648
1194,G,0.5406
1195,L,0.3345
1196,L,0.6856
1197,K,0.8985
1198,N,0.7849
1199,D,0.8833
1200,C,0.6186
1201,N,0.8765
1202,K,0.9286
1203,S,0.6732
1204,A,0.5239
1205,S,0.5099
1206,G,0.6764
1207,Y,0.5140
1208,L,0.2668
1209,T,0.5960
1210,D,0.9144
1211,E,0.8920
1212,N,0.7576
1213,E,0.7953
1214,V,0.7411
1215,G,0.8657
1216,F,0.1926
1217,R,0.8651
1218,G,0.4084
1219,F,0.0739
1220,Y,0.6148
1221,S,0.3674
1222,A,0.1192
1223,H,0.9006
1224,G,0.4231
1225,T,0.8478
1226,K,0.9157
1227,L,0.1689
1228,N,0.6599
1229,V,0.2396
1230,S,0.3523
1231,T,0.8574
1232,E,0.9038
1233,A,0.2554
1234,L,0.1301
1235,Q,0.8549
1236,K,0.9161
1237,A,0.1764
1238,V,0.6548
1239,K,0.8903
1240,L,0.0966
1241,F,0.0768
1242,S,0.5971
1243,D,0.5964
1244,I,0.4766
1245,E,0.8234
1246,N,0.8733
1247,I,0.6382
1248,S,0.8311
1249,E,0.8567
1250,E,0.8617
1251,T,0.7238
1252,S,0.5720
1253,A,0.5058
1254,E,0.8811
1255,V,0.5078
1256,H,0.6377
1257,P,0.8495
1258,I,0.6929
1259,S,0.5813
1260,L,0.4739
1261,S,0.5518
1262,S,0.6789
1263,S,0.8042
1264,K,0.9571
1265,C,0.5824
1266,H,0.7866
1267,D,0.9123
1268,S,0.3961
1269,V,0.5459
1270,V,0.4625
1271,S,0.5688
1272,M,0.3486
1273,F,0.1682
1274,K,0.8441
1275,I,0.5077
1276,E,0.6623
1277,N,0.5766
1278,H,0.7178
1279,N,0.6203
1280,D,0.9190
1281,K,0.9695
1282,T,0.9301
1283,V,0.6985
1284,S,0.9305
1285,E,0.9715
1286,K,0.9424
1287,N,0.8572
1288,N,0.8668
1289,K,0.9206
1290,C,0.3900
1291,Q,0.6597
1292,L,0.3417
1293,I,0.4363
1294,L,0.5979
1295,Q,0.6562
1296,N,0.6540
1297,N,0.3478
1298,I,0.6185
1299,E,0.8555
1300,M,0.6386
1301,T,0.5602
1302,T,0.6299
1303,G,0.7078
1304,T,0.4221
1305,F,0.3353
1306,V,0.2910
1307,E,0.7279
1308,E,0.7097
1309,I,0.4065
1310,T,0.7012
1311,E,0.8944
1312,N,0.7335
1313,Y,0.4904
1314,K,0.9145
1315,R,0.8631
1316,N,0.7286
1317,T,0.6881
1318,E,0.7792
1319,N,0.7406
1320,E,0.9169
1321,D,0.8840
1322,N,0.7135
1323,K,0.9292
1324,Y,0.4341
1325,T,0.7463
1326,A,0.4857
1327,A,0.3393
1328,S,0.6050
1329,R,0.7105
1330,N,0.5669
1331,S,0.5634
1332,H,0.5881
1333,N,0.5593
1334,L,0.2526
1335,E,0.9022
1336,F,0.5597
1337,D,0.8603
1338,G,0.7071
1339,S,0.6334
1340,D,0.8446
1341,S,0.6099
1342,S,0.7494
1343,K,0.8771
1344,N,0.6275
1345,D,0.7037
1346,T,0.7361
1347,V,0.5016
1348,C,0.3302
1349,I,0.3590
1350,H,0.4025
1351,K,0.8782
1352,D,0.8579
1353,E,0.8565
1354,T,0.5484
1355,D,0.7570
1356,L,0.4638
1357,L,0.5108
1358,F,0.3663
1359,T,0.6410
1360,D,0.8139
1361,Q,0.7738
1362,H,0.6420
1363,N,0.5661
1364,I,0.6206
1365,C,0.4913
1366,L,0.3994
1367,K,0.8884
1368,L,0.4786
1369,S,0.2911
1370,G,0.6727
1371,Q,0.6639
1372,F,0.2117
1373,M,0.4304
1374,K,0.9411
1375,E,0.9184
1376,G,0.7793
1377,N,0.6897
1378,T,0.8253
1379,Q,0.8670
1380,I,0.3347
1381,K,0.8866
1382,E,0.7874
1383,D,0.8928
1384,L,0.4249
1385,S,0.5433
1386,D,0.5401
1387,L,0.2580
1388,T,0.4119
1389,F,0.3248
1390,L,0.2812
1391,E,0.8301
1392,V,0.5451
1393,A,0.3430
1394,K,0.8837
1395,A,0.5014
1396,Q,0.8070
1397,E,0.6877
1398,A,0.5578
1399,C,0.4952
1400,H,0.8419
1401,G,0.6113
1402,N,0.8518
1403,T,0.7891
1404,S,0.6470
1405,N,0.8875
1406,K,0.9248
1407,E,0.8760
1408,Q,0.8780
1409,L,0.5909
1410,T,0.8594
1411,A,0.5127
1412,T,0.8596
1413,K,0.9393
1414,T,0.8623
1415,E,0.9284
1416,Q,0.8916
1417,N,0.7842
1418,I,0.6448
1419,K,0.9504
1420,D,0.9274
1421,F,0.8576
1422,E,0.9470
1423,T,0.8697
1424,S,0.4751
1425,D,0.8181
1426,T,0.6072
1427,F,0.6837
1428,F,0.0634
1429,Q,0.4635
1430,T,0.2557
1431,A,0.2477
1432,S,0.7998
1433,G,0.7444
1434,K,0.9277
1435,N,0.8791
1436,I,0.2713
1437,S,0.8082
1438,V,0.1848
1439,A,0.2893
1440,K,0.9556
1441,E,0.8870
1442,S,0.3970
1443,F,0.3102
1444,N,0.8592
1445,K,0.8284
1446,I,0.2713
1447,V,0.6564
1448,N,0.6709
1449,F,0.2404
1450,F,0.1935
1451,D,0.9165
1452,Q,0.8914
1453,K,0.8523
1454,P,0.6773
1455,E,0.9374
1456,E,0.8342
1457,L,0.7131
1458,H,0.8057
1459,N,0.8569
1460,F,0.6487
1461,S,0.4031
1462,L,0.4748
1463,N,0.6966
1464,S,0.5519
1465,E,0.9363
1466,L,0.5474
1467,H,0.7893
1468,S,0.7115
1469,D,0.8945
1470,I,0.5375
1471,R,0.9017
1472,K,0.9007
1473,N,0.7908
1474,K,0.8673
1475,M,0.4525
1476,D,0.7208
1477,I,0.5213
1478,L,0.2940
1479,S,0.5188
1480,Y,0.6719
1481,E,0.8831
1482,E,0.9022
1483,T,0.8651
1484,D,0.8966
1485,I,0.8153
1486,V,0.6621
1487,K,0.9017
1488,H,0.8525
1489,K,0.9131
1490,I,0.4426
1491,L,0.5569
1492,K,0.9336
1493,E,0.8310
1494,S,0.4806
1495,V,0.6415
1496,P,0.8144
1497,V,0.8074
1498,G,0.5579
1499,T,0.6688
1500,G,0.8356
1501,N,0.6615
1502,Q,0.6941
1503,L,0.2716
1504,V,0.4821
1505,T,0.6449
1506,F,0.3171
1507,Q,0.5611
1508,G,0.6485
1509,Q,0.8070
1510,P,0.9186
1511,E,0.8918
1512,R,0.8260
1513,D,0.8939
1514,E,0.9542
1515,K,0.9249
1516,I,0.5067
1517,K,0.9647
1518,E,0.8467
1519,P,0.7524
1520,T,0.8854
1521,L,0.4875
1522,L,0.2398
1523,G,0.3710
1524,F,0.0624
1525,H,0.4218
1526,T,0.2382
1527,A,0.1610
1528,S,0.8173
1529,G,0.7308
1530,K,0.9445
1531,K,0.9331
1532,V,0.2223
1533,K,0.9714
1534,I,0.2266
1535,A,0.4937
1536,K,0.9760
1537,E,0.9346
1538,S,0.4413
1539,L,0.1902
1540,D,0.9554
1541,K,0.9285
1542,V,0.1452
1543,K,0.8333
1544,N,0.8307
1545,L,0.1099
1546,F,0.1104
1547,D,0.8171
1548,E,0.8511
1549,K,0.9688
1550,E,0.9205
1551,Q,0.9345
1552,G,0.8151
1553,T,0.9230
1554,S,0.7987
1555,E,0.9583
1556,I,0.4424
1557,T,0.6852
1558,S,0.7666
1559,F,0.3360
1560,S,0.6786
1561,H,0.6910
1562,Q,0.8553
1563,W,0.8725
1564,A,0.4357
1565,K,0.9612
1566,T,0.8091
1567,L,0.5564
1568,K,0.9242
1569,Y,0.9332
1570,R,0.9272
1571,E,0.9272
1572,A,0.8626
1573,C,0.3106
1574,K,0.9479
1575,D,0.9057
1576,L,0.6761
1577,E,0.8886
1578,L,0.5431
1579,A,0.3696
1580,C,0.3509
1581,E,0.8251
1582,T,0.7176
1583,I,0.4043
1584,E,0.9160
1585,I,0.6975
1586,T,0.8026
1587,A,0.8849
1588,A,0.5292
1589,P,0.8691
1590,K,0.9413
1591,C,0.5069
1592,K,0.8866
1593,E,0.8913
1594,M,0.5130
1595,Q,0.8688
1596,N,0.8832
1597,S,0.6144
1598,L,0.7470
1599,N,0.9515
1600,N,0.9353
1601,D,0.9087
1602,K,0.8798
1603,N,0.8431
1604,L,0.2693
1605,V,0.2343
1606,S,0.5838
1607,I,0.8122
1608,E,0.8473
1609,T,0.5202
1610,V,0.6894
1611,V,0.6684
1612,P,0.6538
1613,P,0.7012
1614,K,0.8702
1615,L,0.6559
1616,L,0.2642
1617,S,0.5017
1618,D,0.7346
1619,N,0.5816
1620,L,0.3384
1621,C,0.3896
1622,R,0.8820
1623,Q,0.5891
1624,T,0.5093
1625,E,0.7829
1626,N,0.5497
1627,L,0.4059
1628,K,0.9629
1629,T,0.6047
1630,S,0.3558
1631,K,0.8989
1632,S,0.7787
1633,I,0.6603
1634,F,0.3729
1635,L,0.3281
1636,K,0.8678
1637,V,0.5187
1638,K,0.8963
1639,V,0.4376
1640,H,0.5990
1641,E,0.7777
1642,N,0.6477
1643,V,0.6858
1644,E,0.9075
1645,K,0.9468
1646,E,0.8663
1647,T,0.6802
1648,A,0.6657
1649,K,0.9670
1650,S,0.5935
1651,P,0.7002
1652,A,0.5455
1653,T,0.5870
1654,C,0.2821
1655,Y,0.6428
1656,T,0.6881
1657,N,0.6558
1658,Q,0.7693
1659,S,0.5121
1660,P,0.7758
1661,Y,0.7790
1662,S,0.5376
1663,V,0.6670
1664,I,0.6647
1665,E,0.8767
1666,N,0.6782
1667,S,0.4366
1668,A,0.6593
1669,L,0.1448
1670,A,0.2495
1671,F,0.0391
1672,Y,0.2735
1673,T,0.1876
1674,S,0.2637
1675,C,0.5177
1676,S,0.3462
1677,R,0.8755
1678,K,0.8001
1679,T,0.3310
1680,S,0.5694
1681,V,0.3737
1682,S,0.5656
1683,Q,0.9372
1684,T,0.8122
1685,S,0.4886
1686,L,0.1986
1687,L,0.7062
1688,E,0.9073
1689,A,0.2831
1690,K,0.8595
1691,K,0.8735
1692,W,0.4721
1693,L,0.2087
1694,R,0.9063
1695,E,0.9025
1696,G,0.6940
1697,I,0.5636
1698,F,0.7188
1699,D,0.9322
1700,G,0.8268
1701,Q,0.7592
1702,P,0.8746
1703,E,0.8252
1704,R,0.8469
1705,I,0.5927
1706,N,0.7557
1707,T,0.6121
1708,A,0.5122
1709,D,0.9060
1710,Y,0.6403
1711,V,0.6561
1712,G,0.7297
1713,N,0.6842
1714,Y,0.7404
1715,L,0.5030
1716,Y,0.6174
1717,E,0.9026
1718,N,0.7601
1719,N,0.5094
1720,S,0.4607
1721,N,0.6858
1722,S,0.6344
1723,T,0.5626
1724,I,0.4825
1725,A,0.4423
1726,E,0.8497
1727,N,0.8373
1728,D,0.8229
1729,K,0.8937
1730,N,0.6489
1731,H,0.6746
1732,L,0.3572
1733,S,0.5594
1734,E,0.8808
1735,K,0.8968
1736,Q,0.7180
1737,D,0.8494
1738,T,0.7419
1739,Y,0.6381
1740,L,0.2688
1741,S,0.4590
1742,N,0.7256
1743,S,0.6988
1744,S,0.6903
1745,M,0.3979
1746,S,0.5890
1747,N,0.5796
1748,S,0.7691
1749,Y,0.7135
1750,S,0.7702
1751,Y,0.5545
1752,H,0.7217
1753,S,0.4456
1754,D,0.8156
1755,E,0.9553
1756,V,0.7386
1757,Y,0.6742
1758,N,0.8795
1759,D,0.8936
1760,S,0.6703
1761,G,0.8789
1762,Y,0.7725
1763,L,0.4861
1764,S,0.5825
1765,K,0.8658
1766,N,0.7544
1767,K,0.9070
1768,L,0.6606
1769,D,0.8954
1770,S,0.5905
1771,G,0.8030
1772,I,0.3374
1773,E,0.7936
1774,P,0.8551
1775,V,0.8449
1776,L,0.6932
1777,K,0.8689
1778,N,0.7086
1779,V,0.6649
1780,E,0.9533
1781,D,0.7665
1782,Q,0.9211
1783,K,0.9464
1784,N,0.8533
1785,T,0.6716
1786,S,0.7447
1787,F,0.3927
1788,S,0.3965
1789,K,0.8607
1790,V,0.6761
1791,I,0.6229
1792,S,0.5657
1793,N,0.8027
1794,V,0.3692
1795,K,0.9421
1796,D,0.9216
1797,A,0.5736
1798,N,0.8152
1799,A,0.6752
1800,Y,0.6621
1801,P,0.8078
1802,Q,0.9061
1803,T,0.7647
1804,V,0.5222
1805,N,0.7888
1806,E,0.9446
1807,D,0.8895
1808,I,0.3990
1809,C,0.3009
1810,V,0.7051
1811,E,0.8776
1812,E,0.9323
1813,L,0.6731
1814,V,0.5352
1815,T,0.7623
1816,S,0.8700
1817,S,0.6922
1818,S,0.5554
1819,P,0.8390
1820,C,0.5222
1821,K,0.9483
1822,N,0.6416
1823,K,0.9089
1824,N,0.7144
1825,A,0.6916
1826,A,0.3971
1827,I,0.6916
1828,K,0.9246
1829,L,0.4656
1830,S,0.5764
1831,I,0.4967
1832,S,0.5852
1833,N,0.8580
1834,S,0.5972
1835,N,0.8978
1836,N,0.8278
1837,F,0.4561
1838,E,0.9290
1839,V,0.8227
1840,G,0.6474
1841,P,0.6597
1842,P,0.6355
1843,A,0.2993
1844,F,0.0613
1845,R,0.6637
1846,I,0.3147
1847,A,0.1946
1848,S,0.6312
1849,G,0.4837
1850,K,0.8556
1851,I,0.6951
1852,V,0.2671
1853,C,0.4461
1854,V,0.1217
1855,S,0.1953
1856,H,0.8421
1857,E,0.9330
1858,T,0.5670
1859,I,0.6035
1860,K,0.9686
1861,K,0.9135
1862,V,0.2068
1863,K,0.8086
1864,D,0.8443
1865,I,0.4661
1866,F,0.1103
1867,T,0.7118
1868,D,0.8587
1869,S,0.7660
1870,F,0.6176
1871,S,0.8948
1872,K,0.9599
1873,V,0.6031
1874,I,0.4427
1875,K,0.8987
1876,E,0.8378
1877,N,0.6577
1878,N,0.6663
1879,E,0.8305
1880,N,0.8823
1881,K,0.9220
1882,S,0.6482
1883,K,0.9472
1884,I,0.6853
1885,C,0.3910
1886,Q,0.5170
1887,T,0.6220
1888,K,0.8425
1889,I,0.4253
1890,M,0.3927
1891,A,0.7984
1892,G,0.8079
1893,C,0.3155
1894,Y,0.7837
1895,E,0.9228
1896,A,0.5369
1897,L,0.2651
1898,D,0.9115
1899,D,0.8729
1900,S,0.5739
1901,E,0.7856
1902,D,0.8096
1903,I,0.3024
1904,L,0.3316
1905,H,0.6241
1906,N,0.7748
1907,S,0.4883
1908,L,0.5709
1909,D,0.8497
1910,N,0.9001
1911,D,0.8843
1912,E,0.9378
1913,C,0.6561
1914,S,0.5623
1915,T,0.5344
1916,H,0.7425
1917,S,0.6427
1918,H,0.7944
1919,K,0.9305
1920,V,0.8088
1921,F,0.5366
1922,A,0.7648
1923,D,0.9547
1924,I,0.7119
1925,Q,0.9309
1926,S,0.8782
1927,E,0.8747
1928,E,0.9514
1929,I,0.8320
1930,L,0.6800
1931,Q,0.8538
1932,H,0.8393
1933,N,0.8413
1934,Q,0.8698
1935,N,0.8484
1936,M,0.6254
1937,S,0.7452
1938,G,0.8324
1939,L,0.5061
1940,E,0.8977
1941,K,0.9539
1942,V,0.6723
1943,S,0.6438
1944,K,0.9531
1945,I,0.7833
1946,S,0.6541
1947,P,0.7930
1948,C,0.5126
1949,D,0.9261
1950,V,0.6737
1951,S,0.7698
1952,L,0.7139
1953,E,0.9173
1954,T,0.7084
1955,S,0.4547
1956,D,0.8891
1957,I,0.7690
1958,C,0.4837
1959,K,0.9013
1960,C,0.5055
1961,S,0.7821
1962,I,0.7393
1963,G,0.8127
1964,K,0.9694
1965,L,0.6374
1966,H,0.8818
1967,K,0.9453
1968,S,0.5735
1969,V,0.6263
1970,S,0.5829
1971,S,0.4545
1972,A,0.5212
1973,N,0.7371
1974,T,0.5967
1975,C,0.4504
1976,G,0.6445
1977,I,0.4864
1978,F,0.2887
1979,S,0.4961
1980,T,0.4236
1981,A,0.2696
1982,S,0.7628
1983,G,0.7343
1984,K,0.9358
1985,S,0.8793
1986,V,0.1871
1987,Q,0.7985
1988,V,0.1469
1989,S,0.3906
1990,D,0.9483
1991,A,0.9083
1992,S,0.4588
1993,L,0.1921
1994,Q,0.8705
1995,N,0.8423
1996,A,0.1022
1997,R,0.8379
1998,Q,0.7624
1999,V,0.3172
2000,F,0.1449
2001,S,0.6585
2002,E,0.8969
2003,I,0.6732
2004,E,0.8657
2005,D,0.9618
2006,S,0.7975
2007,T,0.8197
2008,K,0.9511
2009,Q,0.8438
2010,V,0.5986
2011,F,0.4374
2012,S,0.2932
2013,K,0.8022
2014,V,0.3291
2015,L,0.4879
2016,F,0.6297
2017,K,0.9239
2018,S,0.6915
2019,N,0.8159
2020,E,0.8114
2021,H,0.6884
2022,S,0.5527
2023,D,0.9059
2024,Q,0.8969
2025,L,0.3282
2026,T,0.6250
2027,R,0.8722
2028,E,0.7263
2029,E,0.8424
2030,N,0.7464
2031,T,0.6251
2032,A,0.4462
2033,I,0.7615
2034,R,0.8772
2035,T,0.7337
2036,P,0.8774
2037,E,0.9478
2038,H,0.8775
2039,L,0.4871
2040,I,0.8254
2041,S,0.7816
2042,Q,0.8711
2043,K,0.9178
2044,G,0.8365
2045,F,0.7307
2046,S,0.6008
2047,Y,0.6782
2048,N,0.7322
2049,V,0.7478
2050,V,0.6558
2051,N,0.7029
2052,S,0.5503
2053,S,0.4723
2054,A,0.5551
2055,F,0.2953
2056,S,0.4309
2057,G,0.2778
2058,F,0.0647
2059,S,0.3262
2060,T,0.2363
2061,A,0.1865
2062,S,0.6146
2063,G,0.4261
2064,K,0.8601
2065,Q,0.8966
2066,V,0.1892
2067,S,0.7937
2068,I,0.2014
2069,L,0.3598
2070,E,0.8772
2071,S,0.8077
2072,S,0.3638
2073,L,0.3527
2074,H,0.8558
2075,K,0.8375
2076,V,0.1154
2077,K,0.8743
2078,G,0.8731
2079,V,0.3368
2080,L,0.2317
2081,E,0.9514
2082,E,0.9030
2083,F,0.5956
2084,D,0.8312
2085,L,0.8796
2086,I,0.7091
2087,R,0.9395
2088,T,0.8208
2089,E,0.8666
2090,H,0.8147
2091,S,0.7875
2092,L,0.6972
2093,H,0.8789
2094,Y,0.9030
2095,S,0.6822
2096,P,0.8888
2097,T,0.9156
2098,S,0.8522
2099,R,0.9739
2100,Q,0.9308
2101,N,0.9508
2102,V,0.5723
2103,S,0.6332
2104,K,0.9131
2105,I,0.3462
2106,L,0.5998
2107,P,0.6669
2108,R,0.8643
2109,V,0.6579
2110,D,0.8441
2111,K,0.9369
2112,R,0.8978
2113,N,0.7291
2114,P,0.8472
2115,E,0.9018
2116,H,0.8603
2117,C,0.4275
2118,V,0.5299
2119,N,0.8557
2120,S,0.6656
2121,E,0.8855
2122,M,0.5330
2123,E,0.9303
2124,K,0.9379
2125,T,0.7131
2126,C,0.3516
2127,S,0.8850
2128,K,0.9765
2129,E,0.9480
2130,F,0.8325
2131,K,0.9748
2132,L,0.7267
2133,S,0.8795
2134,N,0.9018
2135,N,0.8253
2136,L,0.4184
2137,N,0.9410
2138,V,0.7774
2139,E,0.8621
2140,G,0.7713
2141,G,0.7967
2142,S,0.6142
2143,S,0.7061
2144,E,0.9194
2145,N,0.7579
2146,N,0.8537
2147,H,0.8867
2148,S,0.7421
2149,I,0.5274
2150,K,0.9110
2151,V,0.5365
2152,S,0.6095
2153,P,0.9154
2154,Y,0.8181
2155,L,0.5762
2156,S,0.7677
2157,Q,0.9483
2158,F,0.4171
2159,Q,0.9124
2160,Q,0.9040
2161,D,0.9027
2162,K,0.9457
2163,Q,0.9074
2164,Q,0.8232
2165,L,0.7365
2166,V,0.6012
2167,L,0.5936
2168,G,0.7207
2169,T,0.7051
2170,K,0.9325
2171,V,0.6507
2172,S,0.6088
2173,L,0.4161
2174,V,0.8676
2175,E,0.9138
2176,N,0.7971
2177,I,0.6914
2178,H,0.8577
2179,V,0.7446
2180,L,0.5523
2181,G,0.8927
2182,K,0.9448
2183,E,0.9096
2184,Q,0.8369
2185,A,0.6025
2186,S,0.6915
2187,P,0.7784
2188,K,0.9442
2189,N,0.7343
2190,V,0.4577
2191,K,0.9257
2192,M,0.7396
2193,E,0.8909
2194,I,0.4779
2195,G,0.7582
2196,K,0.9202
2197,T,0.8832
2198,E,0.8683
2199,T,0.4853
2200,F,0.3242
2201,S,0.8264
2202,D,0.8371
2203,V,0.4685
2204,P,0.6572
2205,V,0.7271
2206,K,0.8972
2207,T,0.6644
2208,N,0.7468
2209,I,0.7300
2210,E,0.9285
2211,V,0.6686
2212,C,0.3173
2213,S,0.7057
2214,T,0.7864
2215,Y,0.6515
2216,S,0.6654
2217,K,0.9527
2218,D,0.9313
2219,S,0.8025
2220,E,0.9117
2221,N,0.8124
2222,Y,0.5878
2223,F,0.3627
2224,E,0.7101
2225,T,0.6689
2226,E,0.6661
2227,A,0.3161
2228,V,0.3163
2229,E,0.8320
2230,I,0.4000
2231,A,0.1748
2232,K,0.8693
2233,A,0.1254
2234,F,0.1618
2235,M,0.1802
2236,E,0.7238
2237,D,0.6083
2238,D,0.7945
2239,E,0.8892
2240,L,0.2002
2241,T,0.7562
2242,D,0.8525
2243,S,0.5955
2244,K,0.9730
2245,L,0.7986
2246,P,0.8849
2247,S,0.9131
2248,H,0.8750
2249,A,0.7110
2250,T,0.8561
2251,H,0.7343
2252,S,0.5060
2253,L,0.4494
2254,F,0.6683
2255,T,0.7621
2256,C,0.4902
2257,P,0.8767
2258,E,0.9410
2259,N,0.8092
2260,E,0.8121
2261,E,0.9656
2262,M,0.8180
2263,V,0.6695
2264,L,0.5597
2265,S,0.7134
2266,N,0.7083
2267,S,0.7620
2268,R,0.8993
2269,I,0.7990
2270,G,0.6812
2271,K,0.5863
2272,R,0.5107
2273,R,0.8275
2274,G,0.6550
2275,E,0.8097
2276,P,0.8503
2277,L,0.8707
2278,I,0.8640
2279,L,0.7287
2280,V,0.7340
2281,G,0.7077
2282,E,0.8191
2283,P,0.7898
2284,S,0.7108
2285,I,0.4202
2286,K,0.6776
2287,R,0.6526
2288,N,0.7243
2289,L,0.3643
2290,L,0.4435
2291,N,0.9020
2292,E,0.8520
2293,F,0.4799
2294,D,0.8919
2295,R,0.9323
2296,I,0.7587
2297,I,0.7625
2298,E,0.9102
2299,N,0.8182
2300,Q,0.8459
2301,E,0.9590
2302,K,0.9591
2303,S,0.7209
2304,L,0.3604
2305,K,0.9238
2306,A,0.5544
2307,S,0.7070
2308,K,0.8456
2309,S,0.3947
2310,T,0.3168
2311,P,0.5761
2312,D,0.9285
2313,G,0.6926
2314,T,0.5451
2315,I,0.4558
2316,K,0.8501
2317,D,0.4961
2318,R,0.5678
2319,R,0.7961
2320,L,0.4356
2321,F,0.1709
2322,M,0.4284
2323,H,0.5221
2324,H,0.6378
2325,V,0.2724
2326,S,0.5838
2327,L,0.4911
2328,E,0.6987
2329,P,0.6523
2330,I,0.4554
2331,T,0.7713
2332,C,0.5304
2333,V,0.7565
2334,P,0.6157
2335,F,0.7361
2336,R,0.8894
2337,T,0.7370
2338,T,0.6593
2339,K,0.8994
2340,E,0.8306
2341,R,0.7433
2342,Q,0.8702
2343,E,0.8905
2344,I,0.3800
2345,Q,0.9020
2346,N,0.8862
2347,P,0.7476
2348,N,0.7933
2349,F,0.7419
2350,T,0.6077
2351,A,0.5301
2352,P,0.6845
2353,G,0.6445
2354,Q,0.6771
2355,E,0.8621
2356,F,0.5114
2357,L,0.5060
2358,S,0.5578
2359,K,0.9144
2360,S,0.7798
2361,H,0.8717
2362,L,0.4763
2363,Y,0.8100
2364,E,0.8952
2365,H,0.6305
2366,L,0.5135
2367,T,0.4053
2368,L,0.4134
2369,E,0.9119
2370,K,0.9281
2371,S,0.7827
2372,S,0.7191
2373,S,0.7485
2374,N,0.7848
2375,L,0.4729
2376,A,0.6992
2377,V,0.5787
2378,S,0.4633
2379,G,0.6533
2380,H,0.5921
2381,P,0.5073
2382,F,0.4510
2383,Y,0.4897
2384,Q,0.8949
2385,V,0.4666
2386,S,0.5147
2387,A,0.6988
2388,T,0.7948
2389,R,0.8731
2390,N,0.8390
2391,E,0.8293
2392,K,0.9606
2393,M,0.8469
2394,R,0.8923
2395,H,0.6903
2396,L,0.7583
2397,I,0.5371
2398,T,0.6759
2399,T,0.8267
2400,G,0.8359
2401,R,0.8987
2402,P,0.6713
2403,T,0.8096
2404,K,0.8743
2405,V,0.7022
2406,F,0.2074
2407,V,0.1839
2408,P,0.6687
2409,P,0.7299
2410,F,0.3498
2411,K,0.8895
2412,T,0.7450
2413,K,0.8961
2414,S,0.7648
2415,H,0.7904
2416,F,0.5189
2417,H,0.6983
2418,R,0.9101
2419,V,0.7972
2420,E,0.8672
2421,Q,0.7282
2422,C,0.3986
2423,V,0.8614
2424,R,0.9461
2425,N,0.8291
2426,I,0.5184
2427,N,0.8110
2428,L,0.7928
2429,E,0.9429
2430,E,0.9297
2431,N,0.8843
2432,R,0.9402
2433,Q,0.9266
2434,K,0.9480
2435,Q,0.8678
2436,N,0.9257
2437,I,0.7661
2438,D,0.9308
2439,G,0.9292
2440,H,0.8768
2441,G,0.8883
2442,S,0.8220
2443,D,0.9340
2444,D,0.9395
2445,S,0.8362
2446,K,0.9574
2447,N,0.8804
2448,K,0.8947
2449,I,0.5128
2450,N,0.7863
2451,D,0.7933
2452,N,0.6301
2453,E,0.9093
2454,I,0.7601
2455,H,0.7880
2456,Q,0.7505
2457,F,0.6201
2458,N,0.8252
2459,K,0.9351
2460,N,0.8871
2461,N,0.7797
2462,S,0.7978
2463,N,0.8823
2464,Q,0.8288
2465,A,0.5500
2466,A,0.3644
2467,A,0.5693
2468,V,0.5484
2469,T,0.7038
2470,F,0.2403
2471,T,0.7430
2472,K,0.8876
2473,C,0.2669
2474,E,0.7675
2475,E,0.8569
2476,E,0.7778
2477,P,0.7621
2478,L,0.3191
2479,D,0.8630
2480,L,0.2638
2481,I,0.3184
2482,T,0.8169
2483,S,0.6865
2484,L,0.3680
2485,Q,0.5997
2486,N,0.8226
2487,A,0.4575
2488,R,0.8947
2489,D,0.8985
2490,I,0.7187
2491,Q,0.5543
2492,D,0.8412
2493,M,0.7750
2494,R,0.8912
2495,I,0.4492
2496,K,0.9151
2497,K,0.9376
2498,K,0.8819
2499,Q,0.9096
2500,R,0.9316
2501,Q,0.7681
2502,R,0.9182
2503,V,0.3769
2504,F,0.6681
2505,P,0.7706
2506,Q,0.7704
2507,P,0.7328
2508,G,0.6842
2509,S,0.6425
2510,L,0.1840
2511,Y,0.4622
2512,L,0.6299
2513,A,0.6453
2514,K,0.8533
2515,T,0.7446
2516,S,0.8112
2517,T,0.9315
2518,L,0.7968
2519,P,0.7856
2520,R,0.5991
2521,I,0.4265
2522,S,0.5671
2523,L,0.0598
2524,K,0.7722
2525,A,0.6431
2526,A,0.0773
2527,V,0.3793
2528,G,0.8066
2529,G,0.7183
2530,Q,0.8539
2531,V,0.6258
2532,P,0.3097
2533,S,0.7639
2534,A,0.5246
2535,C,0.3464
2536,S,0.4583
2537,H,0.6668
2538,K,0.8292
2539,Q,0.7928
2540,L,0.1338
2541,Y,0.8335
2542,T,0.8695
2543,Y,0.8847
2544,G,0.6216
2545,V,0.1501
2546,S,0.7355
2547,K,0.9558
2548,H,0.7552
2549,C,0.0735
2550,I,0.3564
2551,K,0.8989
2552,I,0.0723
2553,N,0.6219
2554,S,0.3386
2555,K,0.9193
2556,N,0.6948
2557,A,0.0999
2558,E,0.8957
2559,S,0.6177
2560,F,0.1208
2561,Q,0.7662
2562,F,0.0451
2563,H,0.6261
2564,T,0.5774
2565,E,0.7965
2566,D,0.8353
2567,Y,0.6380
2568,F,0.6314
2569,G,0.6410
2570,K,0.8968
2571,E,0.8463
2572,S,0.4912
2573,L,0.3511
2574,W,0.6910
2575,T,0.6652
2576,G,0.6661
2577,K,0.9337
2578,G,0.5608
2579,I,0.2414
2580,Q,0.8699
2581,L,0.3685
2582,A,0.4854
2583,D,0.6941
2584,G,0.5296
2585,G,0.4468
2586,W,0.5075
2587,L,0.3221
2588,I,0.3560
2589,P,0.5317
2590,S,0.5980
2591,N,0.8061
2592,D,0.7723
2593,G,0.7354
2594,K,0.9127
2595,A,0.2759
2596,G,0.4909
2597,K,0.8162
2598,E,0.7939
2599,E,0.4978
2600,F,0.0693
2601,Y,0.4177
2602,R,0.7410
2603,A,0.2334
2604,L,0.1227
2605,C,0.2748
2606,D,0.7645
2607,T,0.5165
2608,P,0.8400
2609,G,0.8633
2610,V,0.3673
2611,D,0.6722
2612,P,0.6455
2613,K,0.8307
2614,L,0.2844
2615,I,0.1182
2616,S,0.5191
2617,R,0.9098
2618,I,0.7643
2619,W,0.2622
2620,V,0.1504
2621,Y,0.6462
2622,N,0.2097
2623,H,0.1300
2624,Y,0.0477
2625,R,0.4858
2626,W,0.1351
2627,I,0.0389
2628,I,0.0347
2629,W,0.0529
2630,K,0.3094
2631,L,0.0573
2632,A,0.1051
2633,A,0.1213
2634,M,0.1834
2635,E,0.5453
2636,C,0.2876
2637,A,0.3073
2638,F,0.2411
2639,P,0.6355
2640,K,0.9461
2641,E,0.7936
2642,F,0.2728
2643,A,0.4788
2644,N,0.8948
2645,R,0.8943
2646,C,0.3746
2647,L,0.1556
2648,S,0.2043
2649,P,0.4140
2650,E,0.7180
2651,R,0.7090
2652,V,0.0458
2653,L,0.1759
2654,L,0.5783
2655,Q,0.4035
2656,L,0.0665
2657,K,0.7423
2658,Y,0.5667
2659,R,0.2943
2660,Y,0.2383
2661,D,0.7236
2662,T,0.5840
2663,E,0.3256
2664,I,0.2122
2665,D,0.8149
2666,R,0.9339
2667,S,0.7395
2668,R,0.9086
2669,R,0.7453
2670,S,0.7031
2671,A,0.1663
2672,I,0.0965
2673,K,0.6635
2674,K,0.5904
2675,I,0.0387
2676,M,0.2238
2677,E,0.7814
2678,R,0.9412
2679,D,0.8112
2680,D,0.8499
2681,T,0.6562
2682,A,0.2939
2683,A,0.3388
2684,K,0.5268
2685,T,0.1876
2686,L,0.0457
2687,V,0.0831
2688,L,0.0536
2689,C,0.0838
2690,V,0.0430
2691,S,0.0798
2692,D,0.5563
2693,I,0.0627
2694,I,0.4705
2695,S,0.6575
2696,L,0.6890
2697,S,0.8156
2698,A,0.8470
2699,N,0.9067
2700,I,0.7626
2701,S,0.8447
2702,E,0.8777
2703,T,0.7948
2704,S,0.6505
2705,S,0.7948
2706,N,0.8697
2707,K,0.8974
2708,T,0.8260
2709,S,0.7001
2710,S,0.8064
2711,A,0.7564
2712,D,0.8891
2713,T,0.8275
2714,Q,0.8841
2715,K,0.9090
2716,V,0.5656
2717,A,0.4081
2718,I,0.4630
2719,I,0.0405
2720,E,0.4684
2721,L,0.0198
2722,T,0.1064
2723,D,0.2974
2724,G,0.1158
2725,W,0.1027
2726,Y,0.0894
2727,A,0.2682
2728,V,0.0205
2729,K,0.7003
2730,A,0.0279
2731,Q,0.5660
2732,L,0.1050
2733,D,0.2554
2734,P,0.7381
2735,P,0.5469
2736,L,0.0386
2737,L,0.5119
2738,A,0.7632
2739,V,0.2064
2740,L,0.0568
2741,K,0.8863
2742,N,0.9075
2743,G,0.7666
2744,R,0.8700
2745,L,0.0936
2746,T,0.6630
2747,V,0.3003
2748,G,0.1531
2749,Q,0.5298
2750,K,0.3103
2751,I,0.0409
2752,I,0.2188
2753,L,0.0338
2754,H,0.2112
2755,G,0.1544
2756,A,0.0622
2757,E,0.8730
2758,L,0.2472
2759,V,0.8176
2760,G,0.7141
2761,S,0.5055
2762,P,0.8674
2763,D,0.9222
2764,A,0.7502
2765,C,0.4253
2766,T,0.5727
2767,P,0.4439
2768,L,0.2872
2769,E,0.8409
2770,A,0.3748
2771,P,0.8042
2772,E,0.8849
2773,S,0.6308
2774,L,0.1150
2775,M,0.2463
2776,L,0.0189
2777,K,0.5855
2778,I,0.0525
2779,S,0.2992
2780,A,0.1229
2781,N,0.0959
2782,S,0.2631
2783,T,0.1517
2784,R,0.5097
2785,P,0.5329
2786,A,0.0993
2787,R,0.7936
2788,W,0.6966
2789,Y,0.6782
2790,T,0.6058
2791,K,0.8583
2792,L,0.1911
2793,G,0.3982
2794,F,0.3540
2795,F,0.4298
2796,P,0.8101
2797,D,0.8887
2798,P,0.8243
2799,R,0.8515
2800,P,0.5395
2801,F,0.1378
2802,P,0.2924
2803,L,0.1550
2804,P,0.5091
2805,L,0.0819
2806,S,0.5177
2807,S,0.3230
2808,L,0.0472
2809,F,0.7158
2810,S,0.7969
2811,D,0.9063
2812,G,0.3698
2813,G,0.2243
2814,N,0.7381
2815,V,0.0568
2816,G,0.3112
2817,C,0.1226
2818,V,0.0683
2819,D,0.5757
2820,V,0.0617
2821,I,0.1533
2822,I,0.0483
2823,Q,0.5423
2824,R,0.6439
2825,A,0.2299
2826,Y,0.1768
2827,P,0.5756
2828,I,0.4876
2829,Q,0.4683
2830,W,0.1644
2831,M,0.2898
2832,E,0.6391
2833,K,0.8984
2834,T,0.7597
2835,S,0.9120
2836,S,0.9159
2837,G,0.7719
2838,L,0.7424
2839,Y,0.6658
2840,I,0.4068
2841,F,0.3307
2842,R,0.5115
2843,N,0.5072
2844,E,0.7551
2845,R,0.8398
2846,E,0.6566
2847,E,0.6967
2848,E,0.7841
2849,K,0.9412
2850,E,0.8433
2851,A,0.6116
2852,A,0.7264
2853,K,0.9398
2854,Y,0.6737
2855,V,0.7590
2856,E,0.9049
2857,A,0.7823
2858,Q,0.6601
2859,Q,0.8224
2860,K,0.9594
2861,R,0.9039
2862,L,0.2947
2863,E,0.6907
2864,A,0.6788
2865,L,0.3231
2866,F,0.5276
2867,T,0.8157
2868,K,0.9266
2869,I,0.2702
2870,Q,0.7359
2871,E,0.9153
2872,E,0.8261
2873,F,0.3246
2874,E,0.8444
2875,E,0.9449
2876,H,0.9107
2877,E,0.9247
2878,E,0.9153
2879,N,0.9157
2880,T,0.8776
2881,T,0.8270
2882,K,0.8852
2883,P,0.9011
2884,Y,0.7932
2885,L,0.5283
2886,P,0.8010
2887,S,0.7175
2888,R,0.8645
2889,A,0.5527
2890,L,0.4661
2891,T,0.7710
2892,R,0.8996
2893,Q,0.8107
2894,Q,0.8372
2895,V,0.3496
2896,R,0.8931
2897,A,0.6770
2898,L,0.3717
2899,Q,0.8704
2900,D,0.8433
2901,G,0.5961
2902,A,0.7520
2903,E,0.9215
2904,L,0.4005
2905,Y,0.3415
2906,E,0.8792
2907,A,0.6306
2908,V,0.3199
2909,K,0.8331
2910,N,0.8090
2911,A,0.6338
2912,A,0.8691
2913,D,0.7787
2914,P,0.6395
2915,A,0.7321
2916,Y,0.7133
2917,L,0.2320
2918,E,0.8105
2919,G,0.7511
2920,Y,0.4740
2921,F,0.2187
2922,S,0.4929
2923,E,0.9204
2924,E,0.9242
2925,Q,0.7686
2926,L,0.3742
2927,R,0.9761
2928,A,0.6153
2929,L,0.2418
2930,N,0.8008
2931,N,0.9481
2932,H,0.6353
2933,R,0.7911
2934,Q,0.8797
2935,M,0.8217
2936,L,0.5757
2937,N,0.8163
2938,D,0.8562
2939,K,0.9393
2940,K,0.9396
2941,Q,0.7291
2942,A,0.7504
2943,Q,0.8878
2944,I,0.2585
2945,Q,0.8697
2946,L,0.8625
2947,E,0.9083
2948,I,0.3232
2949,R,0.9279
2950,K,0.9662
2951,A,0.5247
2952,M,0.2914
2953,E,0.8749
2954,S,0.7948
2955,A,0.6269
2956,E,0.8657
2957,Q,0.8566
2958,K,0.9672
2959,E,0.9357
2960,Q,0.8878
2961,G,0.6015
2962,L,0.7310
2963,S,0.7552
2964,R,0.5977
2965,D,0.8247
2966,V,0.0838
2967,T,0.4711
2968,T,0.5542
2969,V,0.0345
2970,W,0.2305
2971,K,0.4283
2972,L,0.1676
2973,R,0.5527
2974,I,0.0942
2975,V,0.3925
2976,S,0.5668
2977,Y,0.4908
2978,S,0.7930
2979,K,0.9570
2980,K,0.9764
2981,E,0.9317
2982,K,0.9504
2983,D,0.8200
2984,S,0.5182
2985,V,0.1591
2986,I,0.3770
2987,L,0.0578
2988,S,0.2384
2989,I,0.0613
2990,W,0.1984
2991,R,0.5284
2992,P,0.3973
2993,S,0.7361
2994,S,0.7874
2995,D,0.8765
2996,L,0.5459
2997,Y,0.7306
2998,S,0.6952
2999,L,0.7253
3000,L,0.2690
3001,T,0.8136
3002,E,0.6178
3003,G,0.4595
3004,K,0.7524
3005,R,0.5857
3006,Y,0.0645
3007,R,0.4858
3008,I,0.0350
3009,Y,0.4441
3010,H,0.4569
3011,L,0.0834
3012,A,0.4105
3013,T,0.3035
3014,S,0.5554
3015,K,0.9234
3016,S,0.7119
3017,K,0.8853
3018,S,0.6790
3019,K,0.8868
3020,S,0.7523
3021,E,0.8585
3022,R,0.8388
3023,A,0.2864
3024,N,0.8147
3025,I,0.1143
3026,Q,0.6630
3027,L,0.1241
3028,A,0.4229
3029,A,0.3180
3030,T,0.5793
3031,K,0.8596
3032,K,0.9027
3033,T,0.3704
3034,Q,0.8337
3035,Y,0.2545
3036,Q,0.8897
3037,Q,0.8984
3038,L,0.1684
3039,P,0.9033
3040,V,0.7228
3041,S,0.7244
3042,D,0.9086
3043,E,0.9082
3044,I,0.8230
3045,L,0.7543
3046,F,0.8426
3047,Q,0.8360
3048,I,0.5011
3049,Y,0.3602
3050,Q,0.7090
3051,P,0.5200
3052,R,0.5382
3053,E,0.8095
3054,P,0.3404
3055,L,0.1724
3056,H,0.8882
3057,F,0.1433
3058,S,0.5961
3059,K,0.9131
3060,F,0.1608
3061,L,0.6349
3062,D,0.8622
3063,P,0.8437
3064,D,0.8815
3065,F,0.5569
3066,Q,0.6656
3067,P,0.6012
3068,S,0.6304
3069,C,0.1544
3070,S,0.4889
3071,E,0.1992
3072,V,0.0280
3073,D,0.0861
3074,L,0.0255
3075,I,0.0337
3076,G,0.0303
3077,F,0.0260
3078,V,0.0661
3079,V,0.1246
3080,S,0.1751
3081,V,0.0608
3082,V,0.5696
3083,K,0.9557
3084,K,0.9368
3085,T,0.7194
3086,G,0.8982
3087,L,0.8333
3088,A,0.4592
3089,P,0.5498
3090,F,0.1169
3091,V,0.0351
3092,Y,0.0891
3093,L,0.0760
3094,S,0.1516
3095,D,0.3669
3096,E,0.8393
3097,C,0.4249
3098,Y,0.6604
3099,N,0.6672
3100,L,0.0523
3101,L,0.0319
3102,A,0.1491
3103,I,0.0450
3104,K,0.5441
3105,F,0.0420
3106,W,0.2638
3107,I,0.6257
3108,D,0.8465
3109,L,0.4147
3110,N,0.8481
3111,E,0.8656
3112,D,0.8028
3113,I,0.5103
3114,I,0.2034
3115,K,0.7843
3116,P,0.5019
3117,H,0.5076
3118,M,0.6064
3119,L,0.0857
3120,I,0.0313
3121,A,0.0602
3122,A,0.0305
3123,S,0.2701
3124,N,0.1495
3125,L,0.0315
3126,Q,0.5565
3127,W,0.5238
3128,R,0.6148
3129,P,0.8942
3130,E,0.9469
3131,S,0.7759
3132,K,0.9333
3133,S,0.8630
3134,G,0.9076
3135,L,0.1829
3136,L,0.3505
3137,T,0.3392
3138,L,0.0423
3139,F,0.3847
3140,A,0.0868
3141,G,0.6577
3142,D,0.7467
3143,F,0.5548
3144,S,0.1949
3145,V,0.5111
3146,F,0.1114
3147,S,0.4465
3148,A,0.8003
3149,S,0.5477
3150,P,0.4965
3151,K,0.9271
3152,E,0.9665
3153,G,0.8825
3154,H,0.6079
3155,F,0.3765
3156,Q,0.8517
3157,E,0.8970
3158,T,0.8712
3159,F,0.2870
3160,N,0.9111
3161,K,0.9524
3162,M,0.2575
3163,K,0.8394
3164,N,0.7477
3165,T,0.3739
3166,V,0.2180
3167,E,0.9166
3168,N,0.7459
3169,I,0.5421
3170,D,0.9427
3171,I,0.8767
3172,L,0.2993
3173,C,0.0901
3174,N,0.8891
3175,E,0.9225
3176,A,0.2449
3177,E,0.8924
3178,N,0.9248
3179,K,0.8509
3180,L,0.1677
3181,M,0.5239
3182,H,0.8592
3183,I,0.4733
3184,L,0.2108
3185,H,0.8912
3186,A,0.6490
3187,N,0.8955
3188,D,0.8581
3189,P,0.8659
3190,K,0.9280
3191,W,0.7641
3192,S,0.6146
3193,T,0.4646
3194,P,0.5585
3195,T,0.8142
3196,K,0.8785
3197,D,0.8383
3198,C,0.2467
3199,T,0.6600
3200,S,0.7707
3201,G,0.7381
3202,P,0.5444
3203,Y,0.5085
3204,T,0.5716
3205,A,0.2015
3206,Q,0.7021
3207,I,0.3934
3208,I,0.2516
3209,P,0.6577
3210,G,0.6035
3211,T,0.6312
3212,G,0.7785
3213,N,0.8227
3214,K,0.9268
3215,L,0.6590
3216,L,0.7346
3217,M,0.6139
3218,S,0.5765
3219,S,0.5786
3220,P,0.7069
3221,N,0.7794
3222,C,0.4394
3223,E,0.8444
3224,I,0.5522
3225,Y,0.7268
3226,Y,0.5946
3227,Q,0.6834
3228,S,0.3678
3229,P,0.6237
3230,L,0.4835
3231,S,0.4416
3232,L,0.4790
3233,C,0.4332
3234,M,0.7458
3235,A,0.7192
3236,K,0.9318
3237,R,0.9095
3238,K,0.9109
3239,S,0.7262
3240,V,0.6475
3241,S,0.7090
3242,T,0.5103
3243,P,0.6171
3244,V,0.5625
3245,S,0.3800
3246,A,0.4031
3247,Q,0.7920
3248,M,0.6262
3249,T,0.5605
3250,S,0.6382
3251,K,0.9487
3252,S,0.7730
3253,C,0.5489
3254,K,0.9503
3255,G,0.8574
3256,E,0.8955
3257,K,0.9744
3258,E,0.9343
3259,I,0.8859
3260,D,0.9161
3261,D,0.9312
3262,Q,0.9072
3263,K,0.9349
3264,N,0.8507
3265,C,0.6031
3266,K,0.9156
3267,K,0.8627
3268,R,0.7222
3269,R,0.7872
3270,A,0.4889
3271,L,0.3898
3272,D,0.7616
3273,F,0.6076
3274,L,0.0915
3275,S,0.6221
3276,R,0.7525
3277,L,0.3339
3278,P,0.8426
3279,L,0.7765
3280,P,0.6422
3281,P,0.5732
3282,P,0.7891
3283,V,0.3538
3284,S,0.3812
3285,P,0.4397
3286,I,0.1737
3287,C,0.3665
3288,T,0.5522
3289,F,0.6754
3290,V,0.5857
3291,S,0.3232
3292,P,0.6378
3293,A,0.4813
3294,A,0.2036
3295,Q,0.8525
3296,K,0.9200
3297,A,0.8203
3298,F,0.4165
3299,Q,0.8101
3300,P,0.5058
3301,P,0.4050
3302,R,0.8203
3303,S,0.6977
3304,C,0.5240
3305,G,0.7999
3306,T,0.8369
3307,K,0.9299
3308,Y,0.8728
3309,E,0.9203
3310,T,0.8432
3311,P,0.8121
3312,I,0.9249
3313,K,0.9666
3314,K,0.9534
3315,K,0.9694
3316,E,0.9561
3317,L,0.8251
3318,N,0.8013
3319,S,0.6454
3320,P,0.8026
3321,Q,0.8034
3322,M,0.6951
3323,T,0.7166
3324,P,0.5943
3325,F,0.5949
3326,K,0.9164
3327,K,0.9151
3328,F,0.6307
3329,N,0.8159
3330,E,0.9029
3331,I,0.6416
3332,S,0.6717
3333,L,0.5310
3334,L,0.5783
3335,E,0.8477
3336,S,0.8072
3337,N,0.8685
3338,S,0.6517
3339,I,0.3891
3340,A,0.5711
3341,D,0.6524
3342,E,0.5801
3343,E,0.6678
3344,L,0.2501
3345,A,0.2642
3346,L,0.2566
3347,I,0.1037
3348,N,0.4422
3349,T,0.2850
3350,Q,0.3224
3351,A,0.2133
3352,L,0.1399
3353,L,0.4022
3354,S,0.7558
3355,G,0.7941
3356,S,0.5970
3357,T,0.7467
3358,G,0.7607
3359,E,0.8408
3360,K,0.8940
3361,Q,0.8101
3362,F,0.3875
3363,I,0.7058
3364,S,0.3233
3365,V,0.5509
3366,S,0.7783
3367,E,0.9158
3368,S,0.7092
3369,T,0.7647
3370,R,0.9127
3371,T,0.7355
3372,A,0.5349
3373,P,0.7619
3374,T,0.8322
3375,S,0.5813
3376,S,0.4862
3377,E,0.8949
3378,D,0.8399
3379,Y,0.7664
3380,L,0.6870
3381,R,0.8412
3382,L,0.5778
3383,K,0.8463
3384,R,0.9159
3385,R,0.8113
3386,C,0.4471
3387,T,0.6789
3388,T,0.7991
3389,S,0.6621
3390,L,0.4291
3391,I,0.6325
3392,K,0.9461
3393,E,0.8642
3394,Q,0.8712
3395,E,0.8837
3396,S,0.8829
3397,S,0.8909
3398,Q,0.9351
3399,A,0.7016
3400,S,0.7748
3401,T,0.7544
3402,E,0.8721
3403,E,0.8963
3404,C,0.6944
3405,E,0.9526
3406,K,0.9252
3407,N,0.8789
3408,K,0.9230
3409,Q,0.8244
3410,D,0.6993
3411,T,0.4977
3412,I,0.6169
3413,T,0.7626
3414,T,0.5120
3415,K,0.8650
3416,K,0.9413
3417,Y,0.8952
3418,I,0.8927
